49.092217;9.292143;0
49.249583;9.350565;0
49.445897;11.067153;31
49.651788;10.077850;7
49.652758;10.078380;3
49.655527;9.942965;18
49.660907;10.088545;8
49.666228;9.765925;0
49.668502;10.128237;0
49.697507;10.027993;3
49.700362;10.024942;5
49.701402;10.025143;8
49.701430;10.025202;7
49.701443;10.025163;3
49.701468;10.025102;3
49.701490;10.025070;6
49.701508;10.025393;9
49.701553;10.025338;6
49.701557;10.025275;10
49.701560;10.025438;6
49.701572;10.025002;6
49.701578;10.024987;6
49.701578;10.024987;6
49.701580;10.025255;13
49.701582;10.025232;8
49.701583;10.024998;6
49.701583;10.025367;9
49.701588;10.025357;9
49.701598;10.025457;6
49.701602;10.024970;6
49.701603;10.025320;6
49.701607;10.025312;9
49.701608;10.025398;7
49.701610;10.025362;9
49.701625;10.025278;4
49.701650;10.025447;4
49.702147;10.026352;3
49.703215;10.009522;4
49.706448;10.026067;11
49.706467;10.026827;11
49.707288;10.022680;9
49.708322;10.023597;14
49.708322;10.023597;13
49.708362;10.023580;15
49.708490;10.023625;6
49.708490;10.023625;9
49.708490;10.023625;9
49.708490;10.023625;8
49.709672;9.807043;0
49.717145;9.819553;0
49.719795;10.002968;12
49.721787;10.006037;7
49.721915;10.005113;6
49.721948;10.001890;7
49.721948;10.003147;3
49.721967;10.003207;4
49.722523;10.003393;7
49.722652;10.003062;0
49.722740;10.008023;13
49.722875;10.002552;0
49.722920;10.010685;7
49.723085;10.007940;7
49.723592;10.010170;17
49.723637;10.010127;20
49.723888;10.001077;9
49.723997;10.000110;4
49.724003;10.002215;3
49.724053;10.008605;10
49.724070;10.000738;10
49.724083;10.004653;3
49.724087;10.000753;12
49.724100;10.000777;13
49.724108;10.000782;11
49.724127;10.000873;9
49.724137;10.000740;12
49.724153;10.000807;6
49.724268;10.000730;12
49.724522;10.000618;11
49.725408;10.009050;11
49.725478;10.009493;3
49.725558;10.009450;3
49.726265;9.994865;2
49.726405;9.998043;9
49.726445;9.998253;19
49.726452;9.998142;16
49.726478;9.993670;0
49.726497;9.998078;4
49.726635;9.995517;5
49.726660;9.995537;7
49.726662;9.995752;5
49.727010;9.998855;18
49.727318;9.998630;13
49.727452;9.993057;9
49.727733;9.992792;5
49.727753;9.992760;7
49.727785;9.992807;4
49.727788;9.992835;4
49.727800;9.992802;4
49.727807;9.992813;4
49.727810;9.992815;3
49.727818;9.992828;4
49.727823;9.992803;5
49.727823;9.992803;3
49.727832;9.992820;4
49.727912;9.994432;5
49.727970;9.992598;5
49.727980;9.992612;5
49.727987;9.992627;5
49.727992;9.992602;4
49.727992;9.992617;5
49.727993;9.992337;4
49.727993;9.992602;4
49.727995;9.992600;4
49.727998;9.992635;5
49.728000;9.992620;4
49.728003;9.992597;5
49.728007;9.992345;3
49.728015;9.992588;4
49.728015;9.992597;4
49.728015;9.992635;4
49.728015;9.992635;4
49.728018;9.992367;4
49.728018;9.994577;3
49.728025;9.992357;8
49.728027;9.992595;6
49.728030;9.992325;3
49.728050;9.992232;5
49.728055;9.992382;4
49.728055;9.992398;4
49.728070;9.992370;4
49.728072;9.992308;7
49.728072;9.992338;6
49.728072;9.992338;5
49.728072;9.992353;6
49.728080;9.992370;4
49.728082;9.992295;3
49.728082;9.992357;3
49.728082;9.992372;2
49.728102;9.992337;5
49.728102;9.992605;7
49.728105;9.992325;5
49.728105;9.992337;5
49.728108;9.992282;5
49.728117;9.992297;5
49.728120;9.992263;6
49.728120;9.992322;4
49.728122;9.992248;4
49.728122;9.992265;6
49.728122;9.992320;5
49.728125;9.992233;3
49.728130;9.992248;8
49.728135;9.992257;6
49.728137;9.992213;6
49.728137;9.992247;11
49.728137;9.992268;10
49.728138;9.992273;5
49.728138;9.992273;4
49.728138;9.992275;10
49.728138;9.992297;5
49.728142;9.992268;5
49.728142;9.992313;4
49.728143;9.992247;10
49.728143;9.992295;5
49.728145;9.992238;6
49.728145;9.992255;10
49.728145;9.992268;6
49.728147;9.992248;6
49.728148;9.992255;5
49.728150;9.992320;4
49.728153;9.992248;6
49.728153;9.992283;4
49.728153;9.992292;5
49.728160;9.992183;6
49.728160;9.992278;6
49.728160;9.992278;6
49.728165;9.992242;10
49.728167;9.992223;6
49.728167;9.992250;6
49.728170;9.992215;6
49.728170;9.992222;6
49.728170;9.992253;6
49.728170;9.992255;10
49.728170;9.992255;9
49.728172;9.992197;7
49.728172;9.992233;4
49.728175;9.992173;3
49.728175;9.992300;5
49.728178;9.992218;6
49.728178;9.992222;6
49.728178;9.992228;5
49.728178;9.992243;5
49.728178;9.992257;7
49.728180;9.992190;7
49.728180;9.992203;6
49.728182;9.992178;6
49.728182;9.992195;6
49.728183;9.992218;5
49.728185;9.992202;6
49.728185;9.992212;6
49.728185;9.992228;6
49.728185;9.992232;5
49.728187;9.992197;6
49.728187;9.992230;7
49.728188;9.992190;6
49.728188;9.992200;7
49.728188;9.992202;6
49.728188;9.992233;6
49.728190;9.992203;6
49.728190;9.992255;9
49.728192;9.992190;6
49.728192;9.992212;7
49.728192;9.992222;6
49.728192;9.992227;5
49.728193;9.992202;6
49.728195;9.992197;6
49.728195;9.992198;6
49.728195;9.992233;6
49.728195;9.992233;6
49.728195;9.992280;3
49.728197;9.992202;6
49.728197;9.992227;6
49.728197;9.992242;9
49.728197;9.992242;9
49.728197;9.992267;8
49.728198;9.992183;6
49.728200;9.992232;7
49.728200;9.992237;5
49.728202;9.992210;6
49.728202;9.992247;6
49.728203;9.992213;3
49.728205;9.992185;6
49.728205;9.992200;6
49.728207;9.992188;3
49.728207;9.992227;6
49.728208;9.992143;3
49.728210;9.992192;4
49.728212;9.992197;3
49.728218;9.992217;6
49.728220;9.992063;4
49.728223;9.992203;6
49.728225;9.992137;3
49.728225;9.992182;6
49.728225;9.992182;7
49.728225;9.992242;7
49.728227;9.992168;3
49.728227;9.992218;6
49.728228;9.992182;6
49.728228;9.992203;6
49.728228;9.992203;7
49.728230;9.992177;3
49.728230;9.992190;7
49.728232;9.992060;5
49.728232;9.992060;5
49.728233;9.992180;3
49.728233;9.992200;5
49.728237;9.992182;3
49.728237;9.992208;3
49.728247;9.992080;5
49.728248;9.992050;5
49.728250;9.992037;6
49.728250;9.992088;6
49.728252;9.992130;5
49.728252;9.992190;7
49.728257;9.992055;6
49.728257;9.992078;6
49.728257;9.992208;3
49.728258;9.992068;6
49.728258;9.992208;2
49.728260;9.992098;5
49.728263;9.992052;5
49.728263;9.992095;6
49.728263;9.992132;4
49.728265;9.992037;4
49.728265;9.992110;6
49.728265;9.992123;5
49.728268;9.992075;4
49.728270;9.992128;4
49.728270;9.992152;5
49.728272;9.991998;6
49.728273;9.992137;3
49.728273;9.992210;5
49.728275;9.992047;4
49.728275;9.992077;4
49.728275;9.992167;3
49.728275;9.992192;3
49.728277;9.992082;6
49.728278;9.992088;5
49.728278;9.992132;6
49.728280;9.992087;7
49.728280;9.992092;5
49.728280;9.992113;5
49.728280;9.992158;7
49.728282;9.992093;8
49.728282;9.992117;6
49.728283;9.992078;5
49.728283;9.992135;5
49.728283;9.992157;5
49.728283;9.994222;9
49.728285;9.992120;5
49.728287;9.991988;6
49.728287;9.991988;7
49.728288;9.992095;7
49.728290;9.992128;6
49.728290;9.992152;3
49.728292;9.992058;6
49.728292;9.992112;6
49.728295;9.992022;5
49.728298;9.992095;6
49.728298;9.992105;5
49.728298;9.992110;6
49.728298;9.992113;4
49.728298;9.992150;4
49.728300;9.992038;6
49.728300;9.992095;6
49.728300;9.992115;6
49.728302;9.992178;5
49.728303;9.992015;5
49.728303;9.992082;4
49.728303;9.992083;4
49.728303;9.992083;4
49.728303;9.992105;6
49.728305;9.992040;7
49.728305;9.992063;5
49.728305;9.992127;6
49.728305;9.992137;6
49.728307;9.992112;7
49.728308;9.992033;5
49.728308;9.992087;4
49.728308;9.992105;6
49.728310;9.992032;6
49.728310;9.992108;4
49.728315;9.992022;5
49.728317;9.992052;7
49.728317;9.992103;7
49.728318;9.992038;4
49.728320;9.992077;5
49.728322;9.992068;6
49.728322;9.992088;4
49.728323;9.992078;5
49.728325;9.992040;6
49.728325;9.992040;5
49.728327;9.992123;4
49.728327;9.992583;4
49.728328;9.992135;4
49.728333;9.992027;6
49.728333;9.992028;3
49.728333;9.992030;7
49.728333;9.992042;4
49.728333;9.992068;6
49.728333;9.992073;5
49.728335;9.992083;6
49.728337;9.992065;5
49.728337;9.992098;5
49.728337;9.992100;6
49.728338;9.992090;5
49.728338;9.992232;6
49.728340;9.992095;3
49.728340;9.992120;5
49.728342;9.991970;7
49.728345;9.992097;4
49.728347;9.992028;4
49.728350;9.992075;5
49.728350;9.992095;3
49.728353;9.992523;6
49.728358;9.992007;4
49.728360;9.994257;12
49.728367;9.992042;4
49.728368;9.991988;4
49.728372;9.992038;4
49.728375;9.991957;5
49.728375;9.991957;4
49.728380;9.992557;6
49.728382;9.992078;4
49.728383;9.992038;4
49.728390;9.992022;4
49.728397;9.991962;6
49.728403;9.991925;4
49.728403;9.991987;9
49.728403;9.991987;8
49.728405;9.991932;3
49.728407;9.991978;3
49.728412;9.991937;6
49.728413;9.991873;6
49.728413;9.991913;4
49.728415;9.991947;7
49.728415;9.992518;7
49.728418;9.991957;4
49.728420;9.991902;4
49.728420;9.991930;10
49.728422;9.991943;4
49.728423;9.991958;5
49.728425;9.991927;8
49.728425;9.991965;4
49.728425;9.991965;4
49.728425;9.991995;6
49.728428;9.991902;5
49.728428;9.991978;10
49.728430;9.991963;4
49.728432;9.991930;4
49.728433;9.991900;6
49.728433;9.991900;4
49.728433;9.991902;4
49.728433;9.991933;4
49.728433;9.991960;5
49.728435;9.991915;3
49.728435;9.991942;7
49.728437;9.992008;10
49.728437;9.992600;6
49.728440;9.991885;4
49.728440;9.991988;4
49.728442;9.991923;4
49.728442;9.991995;6
49.728445;9.991822;7
49.728448;9.991943;3
49.728448;9.991948;3
49.728450;9.991882;4
49.728450;9.991932;5
49.728450;9.991958;4
49.728452;9.991835;5
49.728452;9.991952;6
49.728452;9.991958;4
49.728452;9.991972;11
49.728453;9.991923;5
49.728455;9.991912;5
49.728455;9.991920;4
49.728455;9.991937;3
49.728457;9.991925;4
49.728457;9.992053;10
49.728458;9.992455;4
49.728460;9.991845;3
49.728460;9.991925;5
49.728460;9.992610;6
49.728462;9.991908;3
49.728462;9.991915;2
49.728462;9.991938;4
49.728463;9.991832;6
49.728463;9.991920;3
49.728463;9.992418;6
49.728463;9.992458;5
49.728463;9.992517;3
49.728465;9.991905;4
49.728465;9.992418;4
49.728467;9.991972;10
49.728468;9.992487;8
49.728470;9.991932;5
49.728472;9.992522;4
49.728473;9.991930;5
49.728473;9.991932;4
49.728473;9.991932;7
49.728473;9.992460;4
49.728473;9.992473;4
49.728473;9.992475;6
49.728473;9.992492;3
49.728473;9.992507;7
49.728475;9.991978;4
49.728475;9.992467;4
49.728477;9.991932;4
49.728477;9.991937;3
49.728477;9.991957;4
49.728477;9.992492;4
49.728477;9.992530;8
49.728478;9.991998;5
49.728478;9.992050;10
49.728478;9.992442;4
49.728480;9.991837;6
49.728480;9.991952;6
49.728480;9.992440;5
49.728480;9.992460;5
49.728480;9.992460;4
49.728480;9.992468;9
49.728480;9.992475;5
49.728480;9.992492;6
49.728480;9.992492;7
49.728480;9.992497;6
49.728480;9.992497;7
49.728480;9.992512;6
49.728480;9.992520;7
49.728482;9.991925;7
49.728482;9.992430;7
49.728482;9.992465;9
49.728482;9.992477;4
49.728482;9.992483;7
49.728482;9.992513;5
49.728482;9.992548;8
49.728482;9.992548;7
49.728483;9.991938;4
49.728483;9.992488;7
49.728483;9.992490;4
49.728483;9.992532;3
49.728485;9.991835;6
49.728485;9.992417;6
49.728485;9.992438;6
49.728485;9.992453;4
49.728485;9.992490;7
49.728485;9.992497;7
49.728485;9.992517;5
49.728485;9.992525;6
49.728487;9.991833;6
49.728487;9.991890;3
49.728487;9.992433;7
49.728487;9.992455;7
49.728487;9.992500;3
49.728487;9.992512;7
49.728487;9.992557;2
49.728487;9.992575;3
49.728488;9.991822;6
49.728488;9.991878;4
49.728488;9.992418;4
49.728488;9.992432;7
49.728488;9.992440;8
49.728488;9.992498;5
49.728488;9.992498;4
49.728488;9.992517;6
49.728490;9.992433;7
49.728490;9.992433;7
49.728490;9.992457;3
49.728490;9.992498;7
49.728490;9.992503;6
49.728490;9.992645;7
49.728492;9.991833;7
49.728492;9.991852;2
49.728492;9.992402;5
49.728492;9.992477;7
49.728492;9.992477;7
49.728492;9.992480;5
49.728492;9.992492;6
49.728492;9.992498;8
49.728492;9.992503;5
49.728492;9.992522;7
49.728492;9.992578;7
49.728493;9.991850;5
49.728493;9.991872;5
49.728493;9.991887;8
49.728493;9.992455;4
49.728493;9.992457;6
49.728495;9.991827;6
49.728495;9.991845;6
49.728495;9.992425;5
49.728495;9.992440;7
49.728495;9.992445;7
49.728495;9.992477;5
49.728495;9.992510;5
49.728495;9.992513;6
49.728497;9.991813;6
49.728497;9.992433;6
49.728497;9.992470;6
49.728497;9.992487;7
49.728497;9.992490;6
49.728497;9.992540;0
49.728497;9.992543;5
49.728497;9.992558;7
49.728498;9.991888;5
49.728498;9.991892;6
49.728498;9.992445;4
49.728498;9.992460;8
49.728498;9.992465;8
49.728498;9.992470;4
49.728498;9.992477;8
49.728498;9.992483;4
49.728498;9.992490;5
49.728498;9.992492;7
49.728498;9.992573;8
49.728500;9.991822;2
49.728500;9.992433;5
49.728500;9.992447;5
49.728500;9.992447;2
49.728500;9.992468;4
49.728500;9.992515;6
49.728500;9.992523;8
49.728502;9.992420;7
49.728502;9.992452;7
49.728502;9.992453;6
49.728502;9.992453;7
49.728502;9.992463;6
49.728502;9.992467;6
49.728502;9.992482;7
49.728502;9.992495;8
49.728502;9.992513;8
49.728503;9.991937;4
49.728503;9.991950;5
49.728503;9.992392;3
49.728503;9.992410;6
49.728503;9.992455;6
49.728503;9.992457;4
49.728503;9.992473;4
49.728503;9.992473;8
49.728503;9.992477;5
49.728503;9.992507;7
49.728503;9.992530;4
49.728503;9.992535;4
49.728505;9.991838;6
49.728505;9.991875;6
49.728505;9.992433;5
49.728505;9.992442;6
49.728505;9.992447;5
49.728505;9.992447;7
49.728505;9.992457;8
49.728505;9.992475;4
49.728505;9.992495;4
49.728505;9.992512;6
49.728505;9.992520;5
49.728505;9.992520;8
49.728505;9.992525;4
49.728505;9.992533;6
49.728505;9.992533;7
49.728507;9.991872;6
49.728507;9.991897;6
49.728507;9.992457;6
49.728507;9.992460;5
49.728507;9.992462;7
49.728507;9.992463;7
49.728507;9.992478;6
49.728507;9.992485;7
49.728507;9.992490;7
49.728507;9.992492;4
49.728507;9.992520;3
49.728507;9.992525;5
49.728508;9.992430;4
49.728508;9.992432;7
49.728508;9.992445;6
49.728508;9.992445;7
49.728508;9.992452;5
49.728508;9.992452;8
49.728508;9.992453;7
49.728508;9.992467;8
49.728508;9.992477;6
49.728508;9.992477;7
49.728508;9.992487;9
49.728508;9.992495;4
49.728508;9.992505;4
49.728508;9.992510;5
49.728508;9.992518;8
49.728508;9.992527;7
49.728510;9.991860;6
49.728510;9.992445;7
49.728510;9.992450;8
49.728510;9.992450;8
49.728510;9.992458;9
49.728510;9.992460;8
49.728510;9.992472;7
49.728510;9.992478;8
49.728510;9.992485;8
49.728510;9.992485;7
49.728510;9.992495;6
49.728510;9.992512;7
49.728510;9.992535;5
49.728512;9.991847;6
49.728512;9.991868;5
49.728512;9.992452;6
49.728512;9.992465;4
49.728512;9.992480;6
49.728512;9.992487;5
49.728512;9.992492;7
49.728512;9.992507;8
49.728512;9.992513;6
49.728512;9.992515;3
49.728512;9.992520;8
49.728512;9.992580;4
49.728513;9.991835;4
49.728513;9.991863;4
49.728513;9.991883;5
49.728513;9.991883;5
49.728513;9.992442;4
49.728513;9.992442;9
49.728513;9.992453;4
49.728513;9.992455;5
49.728513;9.992460;7
49.728513;9.992465;7
49.728513;9.992470;6
49.728513;9.992485;6
49.728513;9.992488;7
49.728513;9.992495;7
49.728513;9.992497;4
49.728515;9.991853;6
49.728515;9.991855;5
49.728515;9.991882;5
49.728515;9.991883;4
49.728515;9.991932;6
49.728515;9.992432;2
49.728515;9.992447;7
49.728515;9.992463;3
49.728515;9.992467;5
49.728515;9.992468;4
49.728515;9.992470;3
49.728515;9.992478;7
49.728515;9.992482;7
49.728515;9.992488;6
49.728515;9.992495;7
49.728515;9.992497;7
49.728517;9.991843;3
49.728517;9.991885;7
49.728517;9.991925;3
49.728517;9.992420;7
49.728517;9.992433;2
49.728517;9.992433;7
49.728517;9.992447;8
49.728517;9.992457;5
49.728517;9.992467;5
49.728517;9.992470;6
49.728517;9.992475;3
49.728517;9.992513;8
49.728517;9.992523;4
49.728517;9.992535;4
49.728517;9.992550;8
49.728517;9.992550;7
49.728518;9.991853;5
49.728518;9.991875;3
49.728518;9.991903;6
49.728518;9.991908;6
49.728518;9.991908;5
49.728518;9.992423;6
49.728518;9.992423;4
49.728518;9.992437;7
49.728518;9.992442;6
49.728518;9.992447;7
49.728518;9.992455;6
49.728518;9.992457;8
49.728518;9.992462;6
49.728518;9.992465;5
49.728518;9.992487;5
49.728518;9.992492;4
49.728518;9.992497;7
49.728518;9.992512;6
49.728518;9.992520;7
49.728518;9.992545;7
49.728520;9.992422;7
49.728520;9.992462;7
49.728520;9.992468;6
49.728520;9.992475;4
49.728520;9.992477;8
49.728520;9.992477;7
49.728520;9.992498;4
49.728520;9.992500;10
49.728520;9.992503;7
49.728520;9.992515;7
49.728520;9.992533;5
49.728520;9.992545;6
49.728522;9.991863;4
49.728522;9.991895;6
49.728522;9.991905;5
49.728522;9.992432;4
49.728522;9.992432;2
49.728522;9.992452;4
49.728522;9.992457;6
49.728522;9.992457;4
49.728522;9.992465;6
49.728522;9.992473;6
49.728522;9.992490;5
49.728522;9.992495;4
49.728522;9.992503;4
49.728522;9.992503;4
49.728522;9.992525;6
49.728522;9.992525;7
49.728522;9.992527;7
49.728522;9.992535;5
49.728523;9.991888;7
49.728523;9.992430;6
49.728523;9.992498;6
49.728523;9.992498;4
49.728523;9.992517;6
49.728523;9.992570;7
49.728523;9.992585;5
49.728523;9.992588;7
49.728525;9.991873;6
49.728525;9.991882;3
49.728525;9.991902;6
49.728525;9.991923;5
49.728525;9.992415;7
49.728525;9.992432;5
49.728525;9.992453;6
49.728525;9.992462;7
49.728525;9.992473;6
49.728525;9.992475;4
49.728525;9.992475;3
49.728525;9.992487;7
49.728525;9.992492;7
49.728525;9.992497;5
49.728525;9.992497;8
49.728525;9.992497;7
49.728525;9.992502;6
49.728525;9.992505;6
49.728525;9.992510;6
49.728525;9.992527;4
49.728525;9.992548;8
49.728525;9.992553;7
49.728527;9.991790;8
49.728527;9.991827;6
49.728527;9.992443;7
49.728527;9.992463;7
49.728527;9.992467;8
49.728527;9.992470;4
49.728527;9.992470;7
49.728527;9.992475;5
49.728527;9.992478;7
49.728527;9.992480;4
49.728527;9.992482;4
49.728527;9.992488;6
49.728527;9.992497;6
49.728527;9.992500;6
49.728527;9.992535;8
49.728528;9.991842;6
49.728528;9.991872;6
49.728528;9.991888;5
49.728528;9.992407;5
49.728528;9.992423;7
49.728528;9.992458;4
49.728528;9.992487;8
49.728528;9.992487;7
49.728528;9.992488;5
49.728528;9.992530;4
49.728528;9.992550;7
49.728530;9.991898;3
49.728530;9.992457;5
49.728530;9.992458;8
49.728530;9.992462;4
49.728530;9.992462;4
49.728530;9.992465;7
49.728530;9.992470;7
49.728530;9.992480;7
49.728530;9.992480;7
49.728530;9.992488;4
49.728530;9.992492;8
49.728530;9.992512;7
49.728530;9.992522;7
49.728530;9.992523;5
49.728532;9.992413;6
49.728532;9.992447;7
49.728532;9.992448;7
49.728532;9.992452;3
49.728532;9.992462;4
49.728532;9.992470;4
49.728532;9.992470;7
49.728532;9.992483;4
49.728532;9.992487;4
49.728532;9.992492;4
49.728532;9.992493;8
49.728532;9.992505;6
49.728532;9.992507;5
49.728533;9.991820;5
49.728533;9.991862;6
49.728533;9.992423;4
49.728533;9.992440;6
49.728533;9.992440;4
49.728533;9.992450;6
49.728533;9.992457;6
49.728533;9.992468;4
49.728533;9.992468;7
49.728533;9.992473;8
49.728533;9.992478;5
49.728533;9.992492;7
49.728533;9.992507;5
49.728533;9.992567;6
49.728535;9.991900;6
49.728535;9.992438;7
49.728535;9.992450;7
49.728535;9.992452;8
49.728535;9.992453;7
49.728535;9.992468;4
49.728535;9.992475;4
49.728535;9.992492;6
49.728535;9.992537;8
49.728535;9.992567;6
49.728537;9.991810;6
49.728537;9.991908;4
49.728537;9.992453;6
49.728537;9.992482;8
49.728537;9.992485;6
49.728537;9.992495;7
49.728537;9.992498;6
49.728537;9.992518;4
49.728538;9.992458;4
49.728538;9.992478;8
49.728538;9.992480;7
49.728538;9.992493;7
49.728538;9.992512;3
49.728538;9.992518;6
49.728538;9.992520;7
49.728540;9.992467;7
49.728540;9.992472;4
49.728540;9.992478;4
49.728540;9.992480;7
49.728540;9.992488;6
49.728540;9.992488;6
49.728540;9.992492;6
49.728540;9.992493;3
49.728540;9.992503;4
49.728540;9.992505;6
49.728540;9.992515;7
49.728542;9.991753;6
49.728542;9.992403;8
49.728542;9.992442;6
49.728542;9.992467;7
49.728542;9.992472;7
49.728542;9.992473;7
49.728542;9.992475;3
49.728542;9.992477;7
49.728542;9.992478;4
49.728542;9.992478;7
49.728542;9.992480;3
49.728542;9.992492;7
49.728542;9.992507;6
49.728542;9.992512;4
49.728542;9.992512;7
49.728542;9.992530;8
49.728542;9.992535;8
49.728542;9.992542;3
49.728543;9.992407;8
49.728543;9.992425;6
49.728543;9.992425;4
49.728543;9.992460;7
49.728543;9.992462;4
49.728543;9.992472;7
49.728543;9.992478;5
49.728543;9.992490;6
49.728545;9.992452;5
49.728545;9.992452;2
49.728545;9.992465;7
49.728545;9.992467;7
49.728545;9.992482;7
49.728545;9.992503;7
49.728545;9.992512;2
49.728545;9.992523;4
49.728547;9.992458;7
49.728547;9.992467;7
49.728547;9.992470;8
49.728547;9.992483;5
49.728547;9.992497;3
49.728547;9.992503;7
49.728547;9.992537;7
49.728547;9.992573;7
49.728548;9.992447;3
49.728548;9.992453;5
49.728548;9.992455;8
49.728548;9.992468;5
49.728548;9.992472;6
49.728548;9.992473;5
49.728548;9.992482;6
49.728548;9.992490;4
49.728548;9.992498;6
49.728548;9.992498;3
49.728548;9.992502;7
49.728548;9.992503;6
49.728548;9.992522;6
49.728550;9.991818;6
49.728550;9.992452;6
49.728550;9.992452;3
49.728550;9.992453;2
49.728550;9.992460;6
49.728550;9.992480;7
49.728550;9.992493;4
49.728552;9.991693;8
49.728552;9.991775;5
49.728552;9.991958;3
49.728552;9.992437;5
49.728552;9.992453;5
49.728552;9.992455;7
49.728552;9.992457;6
49.728552;9.992472;6
49.728552;9.992472;6
49.728552;9.992495;7
49.728552;9.992502;3
49.728552;9.992502;7
49.728552;9.992513;6
49.728553;9.991790;8
49.728553;9.992428;4
49.728553;9.992465;5
49.728553;9.992492;7
49.728553;9.992492;7
49.728553;9.992493;8
49.728553;9.992510;5
49.728553;9.992512;6
49.728553;9.992520;8
49.728553;9.992523;6
49.728553;9.992562;6
49.728555;9.991758;9
49.728555;9.991768;8
49.728555;9.992510;6
49.728555;9.992522;7
49.728557;9.991760;8
49.728557;9.991880;9
49.728557;9.991880;9
49.728557;9.992462;5
49.728557;9.992473;7
49.728557;9.992492;5
49.728557;9.992540;7
49.728558;9.992473;4
49.728558;9.992482;8
49.728560;9.992438;4
49.728560;9.992458;7
49.728560;9.992470;5
49.728560;9.992497;7
49.728560;9.992518;4
49.728560;9.992532;6
49.728560;9.992548;5
49.728562;9.992480;7
49.728562;9.992487;6
49.728562;9.992487;4
49.728562;9.992512;6
49.728562;9.992547;7
49.728563;9.992445;8
49.728563;9.992453;7
49.728563;9.992457;7
49.728565;9.992472;6
49.728565;9.992495;4
49.728565;9.992503;7
49.728565;9.992513;6
49.728565;9.992515;7
49.728567;9.991717;7
49.728567;9.991745;6
49.728567;9.992462;7
49.728567;9.992557;5
49.728568;9.991785;9
49.728568;9.992348;10
49.728568;9.992398;3
49.728568;9.992450;4
49.728568;9.992455;3
49.728568;9.992463;5
49.728570;9.991885;8
49.728570;9.992465;7
49.728570;9.992470;5
49.728570;9.992513;4
49.728572;9.991735;10
49.728572;9.991735;9
49.728572;9.991745;6
49.728572;9.991758;6
49.728572;9.992460;4
49.728572;9.992460;3
49.728572;9.992497;4
49.728572;9.992558;6
49.728573;9.992327;5
49.728573;9.992420;4
49.728573;9.992457;7
49.728575;9.992448;6
49.728575;9.992500;7
49.728577;9.991838;8
49.728577;9.992522;6
49.728578;9.992502;7
49.728578;9.992502;7
49.728580;9.992323;3
49.728580;9.992483;4
49.728580;9.992507;3
49.728583;9.992462;6
49.728583;9.992618;6
49.728583;9.992630;6
49.728585;9.992600;2
49.728587;9.991735;9
49.728587;9.992453;3
49.728587;9.992455;12
49.728587;9.992525;7
49.728588;9.992610;5
49.728588;9.992672;5
49.728590;9.992595;3
49.728593;9.991787;7
49.728593;9.992272;2
49.728593;9.992523;7
49.728593;9.992603;4
49.728593;9.992607;5
49.728597;9.992470;6
49.728597;9.992628;3
49.728598;9.991820;9
49.728598;9.992495;7
49.728598;9.992627;3
49.728602;9.992617;6
49.728603;9.992647;6
49.728605;9.992560;4
49.728605;9.992627;5
49.728605;9.992632;6
49.728607;9.992300;5
49.728607;9.992363;6
49.728607;9.992558;6
49.728607;9.992568;4
49.728607;9.992592;6
49.728607;9.992597;6
49.728607;9.992627;6
49.728608;9.992448;2
49.728610;9.992620;3
49.728610;9.992627;5
49.728610;9.992633;5
49.728612;9.992600;6
49.728612;9.992600;4
49.728612;9.992623;4
49.728613;9.992507;6
49.728613;9.992598;3
49.728615;9.992322;3
49.728615;9.992617;3
49.728615;9.992633;2
49.728617;9.991715;9
49.728617;9.992618;6
49.728618;9.991792;8
49.728618;9.992393;3
49.728620;9.992473;4
49.728620;9.992607;4
49.728622;9.992625;4
49.728623;9.992560;3
49.728623;9.992583;4
49.728625;9.992448;5
49.728627;9.992500;4
49.728627;9.992590;5
49.728627;9.992643;4
49.728628;9.992413;2
49.728630;9.992602;4
49.728635;9.992325;3
49.728635;9.992407;8
49.728635;9.992438;10
49.728635;9.992442;2
49.728635;9.992443;3
49.728635;9.992535;7
49.728635;9.992562;8
49.728635;9.992582;6
49.728637;9.992618;7
49.728642;9.992430;3
49.728642;9.992440;2
49.728643;9.992208;5
49.728643;9.992380;3
49.728643;9.992455;3
49.728643;9.992565;6
49.728645;9.992468;5
49.728645;9.992557;7
49.728645;9.992567;7
49.728645;9.992683;6
49.728647;9.991735;10
49.728647;9.992487;3
49.728647;9.992568;7
49.728648;9.992405;4
49.728648;9.992573;6
49.728648;9.992578;6
49.728650;9.992395;3
49.728650;9.992408;5
49.728650;9.992580;8
49.728650;9.992600;8
49.728652;9.992372;4
49.728652;9.992548;6
49.728652;9.992570;6
49.728652;9.992627;6
49.728653;9.991795;9
49.728655;9.992418;3
49.728657;9.992332;6
49.728657;9.992407;3
49.728657;9.992433;3
49.728657;9.992488;5
49.728657;9.992570;7
49.728657;9.992578;4
49.728660;9.992293;6
49.728660;9.992382;6
49.728660;9.992563;5
49.728660;9.992573;4
49.728660;9.992605;4
49.728662;9.992438;4
49.728662;9.992460;2
49.728662;9.992552;4
49.728662;9.992572;4
49.728662;9.992592;6
49.728662;9.992617;5
49.728662;9.992622;4
49.728663;9.992373;8
49.728663;9.992422;5
49.728663;9.992450;2
49.728663;9.992552;5
49.728663;9.992562;5
49.728663;9.992595;4
49.728665;9.992345;5
49.728665;9.992425;5
49.728665;9.992593;6
49.728665;9.992605;4
49.728665;9.992605;3
49.728667;9.992393;4
49.728667;9.992413;5
49.728667;9.992567;4
49.728667;9.992587;4
49.728667;9.992603;7
49.728668;9.992457;4
49.728668;9.992557;6
49.728668;9.992618;4
49.728668;9.992620;6
49.728670;9.992595;7
49.728672;9.992555;5
49.728672;9.992570;8
49.728672;9.992578;4
49.728672;9.992587;4
49.728673;9.992382;5
49.728673;9.992465;4
49.728673;9.992565;7
49.728673;9.992600;2
49.728675;9.991813;9
49.728675;9.992580;3
49.728677;9.992545;6
49.728677;9.992550;5
49.728677;9.992575;3
49.728677;9.992605;4
49.728678;9.992373;3
49.728678;9.992392;6
49.728678;9.992493;3
49.728678;9.992532;3
49.728678;9.992545;5
49.728678;9.992557;4
49.728678;9.992583;5
49.728680;9.992402;6
49.728680;9.992563;4
49.728680;9.992573;4
49.728680;9.992577;3
49.728682;9.992295;8
49.728682;9.992563;4
49.728682;9.992587;4
49.728682;9.992597;5
49.728683;9.992463;2
49.728683;9.992585;4
49.728685;9.992562;4
49.728688;9.992548;4
49.728690;9.992595;5
49.728693;9.992583;4
49.728695;9.991663;10
49.728695;9.992565;5
49.728697;9.992580;4
49.728697;9.992607;5
49.728698;9.991588;10
49.728698;9.992467;6
49.728698;9.992550;7
49.728698;9.992572;4
49.728698;9.992580;4
49.728698;9.992582;6
49.728698;9.992583;4
49.728700;9.991688;10
49.728702;9.992393;5
49.728702;9.992402;6
49.728702;9.992545;5
49.728702;9.992562;4
49.728703;9.991585;11
49.728703;9.991585;10
49.728703;9.991585;9
49.728703;9.992375;6
49.728703;9.992420;5
49.728703;9.992420;4
49.728703;9.992557;7
49.728703;9.992572;7
49.728705;9.991723;8
49.728705;9.992562;5
49.728707;9.991600;10
49.728707;9.992597;7
49.728708;9.992365;5
49.728708;9.992432;7
49.728708;9.992550;3
49.728708;9.992602;4
49.728710;9.992407;7
49.728710;9.992565;3
49.728712;9.991715;9
49.728712;9.991715;9
49.728712;9.992385;5
49.728712;9.992565;4
49.728713;9.992397;5
49.728713;9.992437;6
49.728713;9.992527;5
49.728713;9.992567;4
49.728713;9.992567;3
49.728715;9.992390;3
49.728715;9.992558;2
49.728715;9.992583;4
49.728717;9.991552;9
49.728717;9.992558;7
49.728720;9.992542;5
49.728722;9.992367;6
49.728722;9.992597;7
49.728723;9.992285;5
49.728723;9.992538;4
49.728723;9.992543;5
49.728725;9.992575;5
49.728728;9.991567;8
49.728728;9.992607;6
49.728730;9.992590;4
49.728732;9.991697;11
49.728732;9.991697;11
49.728732;9.991697;9
49.728732;9.991697;8
49.728732;9.992532;6
49.728733;9.992597;4
49.728735;9.991605;11
49.728735;9.992422;4
49.728735;9.992590;5
49.728737;9.992407;5
49.728737;9.992515;7
49.728738;9.992378;4
49.728738;9.992397;5
49.728738;9.992538;3
49.728740;9.991658;10
49.728742;9.991647;10
49.728742;9.992507;3
49.728743;9.992373;5
49.728745;9.992558;3
49.728745;9.992562;5
49.728745;9.992562;7
49.728747;9.991610;10
49.728747;9.991618;8
49.728747;9.992425;4
49.728747;9.992425;4
49.728747;9.992540;5
49.728748;9.992445;6
49.728748;9.992553;5
49.728750;9.991748;10
49.728752;9.991657;8
49.728752;9.991695;7
49.728752;9.992532;6
49.728752;9.992550;4
49.728753;9.992428;3
49.728757;9.991680;10
49.728757;9.992382;5
49.728757;9.992530;3
49.728758;9.991637;10
49.728758;9.992527;6
49.728760;9.991675;9
49.728760;9.992513;4
49.728762;9.992592;6
49.728763;9.991580;10
49.728763;9.991600;8
49.728763;9.991607;11
49.728763;9.991623;10
49.728763;9.991652;10
49.728763;9.992507;8
49.728763;9.992558;6
49.728765;9.992647;7
49.728767;9.991612;11
49.728767;9.992530;8
49.728767;9.992580;7
49.728768;9.991652;11
49.728768;9.992428;5
49.728768;9.992483;4
49.728768;9.992532;5
49.728770;9.991598;9
49.728772;9.992508;4
49.728773;9.991668;9
49.728773;9.992515;8
49.728773;9.992548;6
49.728775;9.992545;5
49.728777;9.991618;10
49.728777;9.991642;9
49.728777;9.992540;3
49.728778;9.991662;10
49.728778;9.992500;3
49.728778;9.992505;8
49.728778;9.992523;6
49.728780;9.991650;7
49.728780;9.991660;9
49.728780;9.992522;3
49.728780;9.992545;6
49.728780;9.992567;8
49.728782;9.991608;12
49.728782;9.992520;4
49.728782;9.992535;8
49.728782;9.992535;7
49.728782;9.992600;7
49.728783;9.991568;10
49.728783;9.992527;5
49.728783;9.992528;4
49.728783;9.992533;5
49.728783;9.992567;8
49.728783;9.992577;8
49.728785;9.992518;9
49.728787;9.992487;6
49.728787;9.992533;6
49.728787;9.992563;6
49.728788;9.991640;9
49.728788;9.992547;6
49.728790;9.991390;9
49.728790;9.991638;10
49.728790;9.991657;9
49.728790;9.992445;4
49.728790;9.992523;5
49.728790;9.992527;3
49.728790;9.992528;5
49.728790;9.992537;6
49.728790;9.992545;6
49.728790;9.992563;4
49.728790;9.992575;3
49.728792;9.991647;9
49.728792;9.991647;8
49.728792;9.992547;8
49.728793;9.991673;9
49.728793;9.992293;3
49.728793;9.992500;5
49.728793;9.992513;6
49.728793;9.992552;5
49.728793;9.992557;8
49.728795;9.992293;4
49.728795;9.992503;8
49.728795;9.992512;5
49.728795;9.992532;4
49.728795;9.992542;7
49.728795;9.992558;10
49.728795;9.992563;7
49.728795;9.992567;3
49.728797;9.991710;9
49.728797;9.991710;9
49.728797;9.992482;8
49.728797;9.992510;4
49.728797;9.992515;6
49.728797;9.992530;7
49.728797;9.992542;7
49.728798;9.991375;9
49.728798;9.991665;9
49.728798;9.992485;6
49.728798;9.992525;4
49.728798;9.992530;6
49.728798;9.992538;6
49.728798;9.992545;8
49.728798;9.992567;6
49.728800;9.991610;10
49.728800;9.992527;6
49.728800;9.992548;8
49.728800;9.992557;8
49.728800;9.992562;8
49.728802;9.991693;9
49.728802;9.992532;6
49.728802;9.992532;8
49.728802;9.992538;5
49.728803;9.991592;12
49.728803;9.991657;10
49.728803;9.992467;6
49.728803;9.992503;3
49.728803;9.992528;6
49.728803;9.992530;6
49.728803;9.992548;8
49.728803;9.992550;6
49.728803;9.992552;8
49.728803;9.992553;4
49.728803;9.992567;6
49.728805;9.992508;5
49.728805;9.992512;8
49.728805;9.992528;4
49.728805;9.992530;5
49.728805;9.992540;4
49.728805;9.992545;3
49.728805;9.992548;3
49.728805;9.992557;6
49.728807;9.991488;4
49.728807;9.992520;6
49.728807;9.992528;6
49.728807;9.992542;6
49.728807;9.992563;5
49.728808;9.992363;4
49.728808;9.992523;8
49.728808;9.992542;5
49.728808;9.992542;8
49.728808;9.992542;8
49.728808;9.992547;6
49.728808;9.992568;10
49.728810;9.992520;6
49.728810;9.992533;6
49.728810;9.992535;6
49.728810;9.992535;4
49.728810;9.992543;7
49.728810;9.992555;8
49.728810;9.992563;8
49.728810;9.992567;6
49.728812;9.992272;6
49.728812;9.992272;4
49.728812;9.992503;6
49.728812;9.992515;6
49.728812;9.992522;5
49.728812;9.992543;3
49.728812;9.992555;5
49.728812;9.992557;6
49.728813;9.991563;4
49.728813;9.991658;12
49.728813;9.992490;3
49.728813;9.992510;6
49.728813;9.992515;5
49.728813;9.992532;6
49.728813;9.992537;4
49.728813;9.992537;3
49.728813;9.992545;6
49.728813;9.992552;8
49.728813;9.992562;4
49.728815;9.991617;10
49.728815;9.992520;7
49.728815;9.992527;6
49.728815;9.992548;7
49.728815;9.992555;6
49.728815;9.992558;10
49.728815;9.992602;6
49.728817;9.991633;6
49.728817;9.992400;4
49.728817;9.992440;4
49.728817;9.992485;7
49.728817;9.992515;7
49.728817;9.992548;8
49.728817;9.992563;6
49.728817;9.992585;10
49.728818;9.992368;2
49.728818;9.992475;8
49.728818;9.992505;3
49.728818;9.992523;6
49.728818;9.992525;8
49.728818;9.992533;6
49.728818;9.992533;6
49.728818;9.992538;8
49.728818;9.992547;9
49.728818;9.992550;6
49.728818;9.992570;4
49.728818;9.992578;5
49.728818;9.992585;8
49.728820;9.991628;10
49.728820;9.991683;10
49.728820;9.991683;7
49.728820;9.991683;7
49.728820;9.992347;4
49.728820;9.992512;3
49.728820;9.992523;6
49.728820;9.992525;3
49.728820;9.992535;8
49.728820;9.992538;6
49.728822;9.992372;4
49.728822;9.992392;2
49.728822;9.992502;6
49.728822;9.992502;5
49.728822;9.992520;7
49.728822;9.992543;9
49.728822;9.992543;7
49.728823;9.991533;10
49.728823;9.991665;10
49.728823;9.991683;10
49.728823;9.992528;5
49.728823;9.992533;4
49.728823;9.992540;7
49.728823;9.992542;5
49.728823;9.992545;5
49.728823;9.992548;2
49.728823;9.992560;8
49.728823;9.992563;3
49.728825;9.991537;10
49.728825;9.991650;9
49.728825;9.992197;6
49.728825;9.992347;7
49.728825;9.992517;4
49.728825;9.992533;6
49.728827;9.991545;4
49.728827;9.992537;8
49.728827;9.992540;7
49.728827;9.992545;5
49.728827;9.992545;8
49.728827;9.992558;4
49.728827;9.992567;3
49.728827;9.992595;5
49.728828;9.991653;11
49.728828;9.992507;4
49.728828;9.992517;8
49.728828;9.992523;5
49.728828;9.992538;5
49.728828;9.992545;3
49.728828;9.992548;4
49.728828;9.992552;5
49.728828;9.992565;9
49.728830;9.992490;4
49.728830;9.992517;8
49.728830;9.992532;5
49.728830;9.992535;2
49.728830;9.992547;2
49.728830;9.992552;8
49.728830;9.992555;6
49.728830;9.992555;6
49.728830;9.992558;8
49.728830;9.992558;7
49.728830;9.992588;4
49.728830;9.992588;7
49.728832;9.991628;10
49.728832;9.992255;4
49.728832;9.992527;3
49.728832;9.992530;7
49.728832;9.992535;8
49.728832;9.992543;4
49.728832;9.992560;6
49.728832;9.992570;4
49.728832;9.992570;3
49.728832;9.992572;4
49.728832;9.992575;6
49.728832;9.992575;6
49.728832;9.992588;3
49.728833;9.992247;6
49.728833;9.992258;4
49.728833;9.992337;5
49.728833;9.992415;4
49.728833;9.992512;2
49.728833;9.992545;4
49.728833;9.992547;7
49.728833;9.992550;7
49.728833;9.992555;6
49.728833;9.992555;5
49.728835;9.992490;7
49.728835;9.992527;8
49.728835;9.992528;4
49.728835;9.992535;5
49.728835;9.992537;6
49.728835;9.992538;3
49.728835;9.992547;4
49.728835;9.992548;3
49.728835;9.992575;6
49.728837;9.991678;11
49.728837;9.992277;5
49.728837;9.992515;7
49.728837;9.992530;5
49.728837;9.992540;4
49.728837;9.992550;4
49.728837;9.992563;8
49.728837;9.992565;6
49.728837;9.992578;8
49.728838;9.992260;6
49.728838;9.992260;4
49.728838;9.992378;5
49.728838;9.992513;4
49.728838;9.992515;3
49.728838;9.992517;3
49.728838;9.992522;6
49.728838;9.992538;9
49.728838;9.992543;8
49.728838;9.992563;6
49.728838;9.992580;5
49.728840;9.992282;5
49.728840;9.992332;5
49.728840;9.992530;6
49.728840;9.992548;7
49.728840;9.992555;5
49.728840;9.992563;5
49.728842;9.991525;4
49.728842;9.991525;10
49.728842;9.992337;3
49.728842;9.992353;3
49.728842;9.992360;4
49.728842;9.992390;4
49.728842;9.992433;5
49.728842;9.992515;8
49.728842;9.992522;5
49.728842;9.992538;3
49.728842;9.992540;8
49.728842;9.992560;4
49.728842;9.992565;7
49.728842;9.992578;6
49.728843;9.991727;10
49.728843;9.992318;4
49.728843;9.992328;6
49.728843;9.992522;6
49.728843;9.992527;3
49.728843;9.992575;5
49.728843;9.992587;3
49.728845;9.992265;4
49.728845;9.992477;6
49.728845;9.992525;4
49.728845;9.992543;8
49.728845;9.992547;3
49.728845;9.992560;5
49.728845;9.992572;6
49.728845;9.992577;8
49.728847;9.992282;4
49.728847;9.992352;6
49.728847;9.992510;8
49.728847;9.992537;7
49.728847;9.992568;5
49.728847;9.992578;6
49.728848;9.992262;5
49.728848;9.992408;3
49.728848;9.992502;8
49.728848;9.992535;9
49.728848;9.992537;9
49.728848;9.992573;7
49.728850;9.992282;4
49.728850;9.992537;4
49.728850;9.992545;5
49.728850;9.992563;6
49.728852;9.992485;9
49.728852;9.992570;8
49.728853;9.992240;7
49.728853;9.992510;8
49.728853;9.992518;4
49.728853;9.992538;8
49.728853;9.992552;6
49.728855;9.992245;3
49.728855;9.992262;6
49.728855;9.992507;7
49.728855;9.992527;6
49.728855;9.992547;4
49.728855;9.992547;3
49.728855;9.992552;8
49.728855;9.992570;4
49.728857;9.992162;6
49.728857;9.992328;6
49.728857;9.992555;8
49.728857;9.992568;6
49.728857;9.992570;6
49.728858;9.992240;4
49.728858;9.992510;8
49.728858;9.992530;6
49.728858;9.992543;4
49.728860;9.992495;4
49.728860;9.992522;8
49.728860;9.992528;6
49.728862;9.991518;9
49.728862;9.991568;4
49.728862;9.992550;6
49.728862;9.992555;5
49.728863;9.992252;4
49.728863;9.992293;4
49.728863;9.992293;3
49.728863;9.992305;4
49.728863;9.992418;4
49.728863;9.992513;4
49.728863;9.992537;9
49.728865;9.992347;2
49.728865;9.992485;8
49.728865;9.992520;6
49.728865;9.992520;5
49.728865;9.992562;4
49.728865;9.992563;7
49.728867;9.991475;10
49.728867;9.992525;8
49.728867;9.992563;9
49.728868;9.991640;9
49.728868;9.992268;5
49.728868;9.992523;8
49.728868;9.992555;8
49.728870;9.992258;5
49.728870;9.992285;5
49.728870;9.992293;4
49.728870;9.992342;2
49.728870;9.992382;5
49.728872;9.992348;5
49.728873;9.992272;4
49.728875;9.991557;4
49.728875;9.992203;7
49.728875;9.992230;7
49.728875;9.992300;4
49.728875;9.992412;8
49.728875;9.992518;8
49.728877;9.991518;9
49.728877;9.992303;6
49.728877;9.992317;4
49.728878;9.992248;5
49.728880;9.991537;7
49.728880;9.992248;5
49.728880;9.992308;5
49.728880;9.992368;4
49.728880;9.992527;7
49.728882;9.992267;4
49.728883;9.992287;4
49.728883;9.992292;4
49.728883;9.992300;5
49.728885;9.991565;7
49.728885;9.992252;4
49.728885;9.992528;4
49.728887;9.992515;5
49.728888;9.992255;3
49.728888;9.992283;3
49.728888;9.992313;4
49.728888;9.992360;5
49.728888;9.992440;8
49.728890;9.991477;9
49.728890;9.991530;7
49.728890;9.992255;6
49.728890;9.992268;6
49.728890;9.992317;5
49.728892;9.992263;4
49.728892;9.992268;2
49.728892;9.992328;4
49.728892;9.992352;6
49.728892;9.992550;3
49.728893;9.991587;4
49.728893;9.992248;4
49.728893;9.992262;6
49.728893;9.992277;6
49.728893;9.992277;6
49.728893;9.992418;4
49.728893;9.992450;8
49.728895;9.992273;5
49.728897;9.992245;5
49.728897;9.992380;6
49.728897;9.992528;4
49.728898;9.992248;5
49.728898;9.992257;5
49.728898;9.992268;6
49.728898;9.992273;5
49.728898;9.992302;3
49.728898;9.992332;4
49.728900;9.991602;9
49.728900;9.992265;5
49.728900;9.992270;4
49.728900;9.992350;3
49.728902;9.992307;5
49.728902;9.992318;5
49.728902;9.992355;3
49.728902;9.992378;4
49.728902;9.992560;8
49.728903;9.992282;4
49.728903;9.992283;5
49.728903;9.992283;4
49.728903;9.992288;8
49.728903;9.992297;5
49.728903;9.992373;5
49.728905;9.992253;6
49.728905;9.992313;4
49.728905;9.992320;5
49.728905;9.992357;3
49.728905;9.992363;6
49.728905;9.992370;6
49.728905;9.992547;8
49.728907;9.992252;4
49.728907;9.992258;4
49.728907;9.992305;8
49.728907;9.992318;4
49.728907;9.992322;6
49.728907;9.992567;3
49.728908;9.992288;6
49.728908;9.992292;6
49.728908;9.992337;4
49.728908;9.992347;5
49.728908;9.992353;4
49.728908;9.992502;6
49.728910;9.992285;4
49.728910;9.992378;4
49.728910;9.992383;5
49.728912;9.992237;6
49.728912;9.992315;3
49.728912;9.992320;3
49.728912;9.992402;3
49.728913;9.992288;5
49.728913;9.992300;3
49.728913;9.992407;7
49.728915;9.991550;7
49.728915;9.992308;5
49.728915;9.992352;4
49.728915;9.992353;4
49.728915;9.992377;7
49.728917;9.992322;3
49.728917;9.992340;5
49.728917;9.992345;3
49.728917;9.992372;3
49.728918;9.992250;5
49.728918;9.992347;3
49.728918;9.992400;6
49.728918;9.992525;6
49.728920;9.992257;6
49.728920;9.992278;7
49.728920;9.992300;3
49.728920;9.992315;3
49.728920;9.992322;6
49.728920;9.992323;3
49.728922;9.992227;4
49.728922;9.992280;4
49.728922;9.992325;4
49.728922;9.992350;6
49.728922;9.992427;3
49.728923;9.991575;7
49.728923;9.992265;4
49.728923;9.992365;7
49.728923;9.992368;2
49.728925;9.992302;5
49.728925;9.992423;3
49.728925;9.992428;4
49.728927;9.991340;11
49.728927;9.992270;6
49.728927;9.992273;4
49.728927;9.992300;3
49.728927;9.992333;2
49.728927;9.992340;7
49.728928;9.992247;5
49.728928;9.992265;5
49.728928;9.992305;6
49.728928;9.992305;4
49.728928;9.992355;4
49.728928;9.992487;6
49.728930;9.991512;7
49.728930;9.992262;4
49.728930;9.992323;3
49.728930;9.992348;5
49.728930;9.992412;3
49.728932;9.992210;5
49.728932;9.992252;4
49.728932;9.992327;2
49.728932;9.992367;6
49.728933;9.992248;5
49.728933;9.992248;4
49.728933;9.992282;8
49.728933;9.992332;3
49.728933;9.992377;5
49.728933;9.992408;7
49.728935;9.992260;6
49.728935;9.992273;4
49.728935;9.992318;8
49.728935;9.992348;3
49.728935;9.992398;5
49.728935;9.992442;4
49.728935;9.992552;5
49.728937;9.991505;6
49.728937;9.992240;6
49.728937;9.992288;4
49.728937;9.992288;3
49.728937;9.992345;5
49.728937;9.992398;3
49.728937;9.992422;5
49.728938;9.992235;5
49.728938;9.992328;4
49.728938;9.992415;6
49.728940;9.992367;3
49.728940;9.992443;4
49.728940;9.992447;5
49.728942;9.992292;3
49.728942;9.992358;4
49.728942;9.992445;7
49.728942;9.992448;3
49.728942;9.992450;4
49.728942;9.992492;8
49.728942;9.992492;7
49.728943;9.991393;7
49.728943;9.992317;3
49.728943;9.992427;5
49.728945;9.992255;4
49.728945;9.992375;4
49.728945;9.992377;3
49.728945;9.992382;3
49.728945;9.992440;5
49.728947;9.991520;6
49.728947;9.991540;7
49.728947;9.992273;5
49.728947;9.992347;6
49.728948;9.991507;7
49.728948;9.992247;6
49.728948;9.992367;3
49.728948;9.992405;5
49.728948;9.992412;3
49.728950;9.992265;6
49.728950;9.992345;6
49.728950;9.992393;2
49.728950;9.992397;4
49.728950;9.992437;4
49.728952;9.992182;4
49.728952;9.992245;4
49.728952;9.992323;5
49.728952;9.992370;3
49.728952;9.992408;4
49.728952;9.992413;3
49.728952;9.992433;4
49.728952;9.992438;4
49.728952;9.992462;4
49.728952;9.992477;3
49.728953;9.992472;4
49.728955;9.992257;5
49.728955;9.992310;4
49.728955;9.992335;3
49.728955;9.992417;4
49.728955;9.992460;4
49.728955;9.992498;7
49.728957;9.992390;3
49.728957;9.992438;5
49.728957;9.992463;3
49.728958;9.992480;9
49.728960;9.992333;3
49.728960;9.992337;3
49.728960;9.992418;7
49.728960;9.992452;9
49.728962;9.992360;5
49.728962;9.992375;9
49.728962;9.992397;7
49.728962;9.992398;4
49.728962;9.992400;3
49.728962;9.992430;3
49.728963;9.992298;3
49.728963;9.992307;4
49.728963;9.992347;5
49.728963;9.992373;6
49.728963;9.992380;4
49.728963;9.992415;3
49.728963;9.992427;4
49.728965;9.992447;9
49.728967;9.992305;5
49.728967;9.992325;8
49.728967;9.992377;4
49.728967;9.992395;3
49.728967;9.992418;5
49.728967;9.992435;9
49.728967;9.992517;4
49.728968;9.991533;6
49.728968;9.992363;4
49.728968;9.992470;8
49.728970;9.992398;4
49.728970;9.992405;4
49.728970;9.992415;11
49.728970;9.992423;4
49.728970;9.992427;7
49.728970;9.992443;8
49.728970;9.992460;3
49.728972;9.992377;7
49.728972;9.992393;5
49.728972;9.992418;4
49.728972;9.992447;7
49.728972;9.992452;4
49.728973;9.991502;6
49.728973;9.992347;2
49.728973;9.992370;4
49.728973;9.992410;5
49.728973;9.992417;8
49.728975;9.992295;4
49.728975;9.992435;8
49.728975;9.992463;3
49.728977;9.992297;8
49.728977;9.992417;8
49.728977;9.992425;3
49.728977;9.992442;9
49.728978;9.992382;3
49.728978;9.992455;4
49.728978;9.992467;4
49.728980;9.992302;3
49.728980;9.992325;4
49.728980;9.992340;3
49.728980;9.992402;4
49.728980;9.992407;4
49.728980;9.992417;3
49.728980;9.992475;4
49.728980;9.992478;4
49.728980;9.992487;5
49.728980;9.992527;3
49.728982;9.992297;3
49.728982;9.992308;5
49.728982;9.992328;5
49.728982;9.992372;4
49.728982;9.992398;2
49.728982;9.992430;7
49.728982;9.992458;4
49.728983;9.992298;4
49.728983;9.992380;5
49.728983;9.992488;3
49.728985;9.992412;4
49.728985;9.992432;5
49.728987;9.991522;6
49.728987;9.992283;4
49.728987;9.992308;4
49.728988;9.992440;5
49.728988;9.992450;4
49.728990;9.992422;4
49.728990;9.992433;7
49.728990;9.992440;4
49.728990;9.992440;9
49.728992;9.992350;5
49.728992;9.992415;8
49.728992;9.992455;4
49.728992;9.992487;3
49.728993;9.992390;4
49.728993;9.992440;3
49.728993;9.992453;3
49.728993;9.992460;6
49.728993;9.992470;9
49.728995;9.991540;6
49.728995;9.992418;3
49.728995;9.992438;4
49.728995;9.992442;9
49.728995;9.992443;8
49.728995;9.992472;4
49.728997;9.992380;3
49.728997;9.992475;4
49.728998;9.992327;4
49.728998;9.992397;3
49.728998;9.992410;4
49.728998;9.992437;3
49.728998;9.992463;4
49.728998;9.992468;8
49.728998;9.992477;9
49.729000;9.992427;9
49.729000;9.992487;9
49.729002;9.992372;5
49.729002;9.992373;3
49.729002;9.992413;3
49.729002;9.992445;4
49.729002;9.992462;9
49.729003;9.992410;3
49.729003;9.992422;3
49.729005;9.992402;3
49.729005;9.992433;4
49.729007;9.992457;4
49.729007;9.992475;8
49.729008;9.992468;7
49.729008;9.992473;4
49.729010;9.992375;3
49.729012;9.991485;7
49.729012;9.992390;4
49.729012;9.992392;3
49.729012;9.992420;4
49.729012;9.992432;9
49.729013;9.992447;4
49.729013;9.992478;3
49.729013;9.992482;4
49.729015;9.992368;4
49.729015;9.992445;4
49.729017;9.992423;4
49.729017;9.992505;4
49.729018;9.992412;3
49.729018;9.992457;7
49.729018;9.992465;4
49.729018;9.992467;4
49.729022;9.992348;4
49.729022;9.992435;9
49.729022;9.992457;8
49.729023;9.991470;7
49.729023;9.992387;4
49.729023;9.992438;5
49.729025;9.992343;7
49.729025;9.992428;4
49.729027;9.992452;3
49.729028;9.992385;6
49.729030;9.992480;7
49.729032;9.992395;4
49.729033;9.992383;3
49.729033;9.992430;3
49.729035;9.992430;5
49.729037;9.992492;4
49.729038;9.992490;8
49.729042;9.992453;9
49.729045;9.992428;5
49.729048;9.992402;3
49.729050;9.992370;4
49.729050;9.992450;9
49.729050;9.992460;5
49.729053;9.991510;7
49.729053;9.991510;7
49.729053;9.992353;4
49.729063;9.992312;6
49.729063;9.992312;5
49.729088;9.992210;4
49.729088;9.993938;9
49.729307;9.991135;9
49.729335;9.991113;4
49.729508;9.993307;0
49.729550;9.992455;7
49.729585;9.994938;19
49.729858;9.994208;5
49.730238;9.993277;9
49.730242;9.993458;10
49.730323;9.990455;12
49.730333;9.990472;12
49.730350;9.990472;12
49.730383;9.990397;10
49.730383;9.990397;8
49.730423;9.993918;20
49.730592;9.990285;8
49.730620;9.994360;11
49.730622;9.990255;9
49.730902;9.996565;17
49.731370;9.993652;24
49.731415;9.992295;13
49.731457;9.993680;14
49.731578;9.992303;13
49.731602;9.991875;8
49.731628;9.991855;7
49.731657;9.991688;7
49.731972;9.991730;4
49.732172;9.990653;5
49.732193;9.990495;14
49.732193;9.990495;13
49.732208;9.990707;10
49.732218;9.990908;9
49.732233;9.990708;14
49.732252;9.990638;3
49.733432;9.967010;3
49.733712;9.988917;6
49.733762;9.988928;12
49.734365;9.988918;16
49.737672;9.990982;17
49.738770;9.979867;15
49.738778;9.979887;15
49.738827;9.982698;0
49.738848;9.988508;0
49.738905;9.993995;0
49.738920;9.981757;0
49.738925;9.994072;0
49.738948;9.994605;0
49.739377;10.000220;0
49.739407;9.976965;0
49.739433;10.001575;12
49.739502;9.975075;0
49.739563;10.001592;0
49.739570;9.975658;0
49.739715;9.974833;0
49.740138;10.007532;7
49.740720;10.011020;0
49.741132;9.970970;0
49.741183;9.970510;8
49.741317;10.013835;0
49.741503;10.015430;0
49.741543;10.015650;0
49.742087;10.018165;0
49.742158;9.969428;0
49.742203;10.018422;0
49.742250;9.969223;0
49.744207;10.025447;0
49.744725;9.992335;19
49.744743;9.992365;17
49.744755;9.992410;11
49.744893;10.027417;0
49.745383;10.028875;0
49.745825;10.029907;0
49.745900;9.871500;0
49.746132;9.875552;0
49.746225;9.876310;0
49.746300;9.990023;15
49.746945;9.817952;0
49.747063;9.818005;0
49.747192;9.857202;0
49.747335;10.033653;0
49.747452;9.966197;0
49.747588;9.854498;0
49.747597;9.966085;0
49.748315;10.035837;0
49.748420;9.965787;0
49.748480;9.965478;0
49.749023;9.845480;0
49.749162;9.964858;11
49.749258;9.842868;0
49.749305;9.842432;0
49.749313;9.828103;0
49.749398;9.830050;0
49.749430;9.840705;0
49.749525;9.838847;0
49.749575;9.834272;0
49.749585;9.836307;0
49.749997;9.965195;0
49.750000;9.890467;0
49.750180;9.964192;7
49.750390;9.964248;14
49.750400;9.963585;19
49.750422;9.964188;13
49.750422;9.964247;14
49.750617;9.963528;0
49.750860;9.962873;17
49.750940;9.963823;9
49.751068;9.963913;20
49.751170;9.893107;0
49.751210;9.963590;13
49.751247;9.963512;17
49.751295;9.963712;12
49.751500;9.893847;0
49.751667;9.963448;19
49.751807;9.936973;0
49.751857;10.043217;0
49.751955;9.963733;0
49.751972;9.963063;15
49.752028;9.962695;17
49.752030;9.962488;19
49.752073;9.962503;20
49.752250;9.962578;13
49.752260;9.962755;24
49.752367;9.962522;25
49.752442;9.896735;0
49.752803;10.016562;4
49.752882;9.977767;15
49.752923;9.926848;24
49.752938;9.977925;21
49.752960;9.985448;17
49.752993;9.977935;16
49.752997;9.977845;15
49.753010;10.023072;8
49.753248;10.037390;6
49.753328;9.899937;0
49.753353;10.035460;7
49.753430;10.035320;5
49.753473;9.925395;0
49.753605;9.961698;0
49.753640;10.046383;0
49.753677;10.033890;3
49.753707;10.033933;3
49.753763;9.987498;16
49.753792;9.987642;16
49.753820;9.987812;16
49.753870;9.961408;25
49.753903;9.987467;15
49.754003;9.903952;11
49.754197;9.969830;21
49.754207;9.961972;29
49.754215;9.961978;28
49.754230;9.904883;9
49.754297;9.905757;7
49.754352;9.960535;0
49.754353;9.960595;0
49.754365;9.960483;0
49.754377;9.961628;0
49.754410;9.960487;0
49.754448;9.961295;31
49.754500;9.969788;13
49.754515;9.967118;9
49.754525;9.961282;31
49.754538;9.960082;0
49.754550;9.961315;31
49.754592;9.961313;31
49.754592;9.961313;31
49.754592;9.961313;31
49.754592;9.961313;31
49.754598;9.967335;8
49.754672;9.967432;22
49.754702;9.961277;31
49.754702;9.961277;22
49.754722;9.959702;0
49.754725;9.960975;31
49.754765;9.950712;0
49.754815;9.970308;9
49.754818;9.959293;0
49.754868;9.960302;30
49.754870;9.959167;0
49.754873;9.960305;30
49.754900;9.970438;9
49.754928;9.960268;30
49.754947;9.960132;31
49.755000;9.970380;12
49.755130;9.971200;17
49.755133;9.960352;0
49.755157;9.959593;25
49.755242;9.959960;25
49.755247;9.959482;21
49.755258;9.975337;5
49.755287;9.952578;0
49.755293;9.952507;0
49.755322;9.959050;18
49.755328;9.958960;18
49.755330;9.958930;20
49.755332;9.958965;21
49.755352;9.953465;0
49.755383;9.958712;19
49.755388;9.956005;13
49.755418;9.953173;0
49.755452;9.957592;0
49.755472;9.959897;26
49.755478;9.959922;26
49.755480;9.957887;0
49.755492;10.049298;0
49.755512;9.958800;21
49.755518;9.959778;27
49.755615;9.956618;10
49.755668;9.959693;25
49.755843;10.049998;0
49.755993;9.968748;15
49.756205;9.972247;13
49.756297;9.972552;11
49.756325;9.973040;17
49.756325;9.973040;16
49.756333;9.968862;13
49.756783;9.973795;7
49.756972;9.970957;8
49.756985;9.971115;17
49.757012;9.971003;14
49.757035;9.970822;12
49.757040;9.982800;7
49.757097;9.982803;14
49.757107;9.982827;13
49.757192;9.969387;17
49.757203;9.970787;17
49.757232;9.971527;14
49.757297;9.969497;15
49.757490;9.487362;10
49.757497;9.970267;17
49.757535;9.970223;17
49.757850;9.980853;14
49.757857;9.980655;11
49.757858;9.980663;7
49.757862;9.980738;9
49.757930;9.980802;6
49.757932;9.980797;10
49.758248;10.053350;0
49.758418;9.972495;20
49.758730;9.979702;15
49.759477;10.054975;0
49.759493;9.980945;6
49.760002;9.983127;11
49.760152;9.965995;14
49.760300;9.965257;6
49.760355;9.983452;9
49.760373;9.963395;8
49.760403;9.987520;8
49.760535;9.963937;11
49.760740;9.961008;8
49.760853;9.961257;11
49.760900;9.989368;17
49.761198;9.981547;12
49.761588;10.057868;0
49.761635;9.959002;14
49.761740;9.961385;12
49.761967;10.187368;0
49.762328;9.960947;8
49.762682;9.946288;3
49.763860;9.951908;5
49.764463;10.061892;0
49.764610;9.939767;7
49.764713;10.062160;0
49.764977;9.948602;8
49.765045;9.966202;7
49.765083;10.062683;0
49.765233;9.949172;4
49.765643;9.943758;5
49.765737;9.944657;5
49.765987;10.064278;0
49.766058;9.944495;12
49.766153;9.944602;14
49.766170;9.947005;4
49.766242;9.944668;12
49.766257;9.944592;9
49.766450;9.931873;5
49.766578;9.931820;7
49.766587;9.946398;10
49.766655;9.945645;6
49.766702;9.945370;2
49.766848;9.945978;19
49.766920;9.942180;9
49.766930;9.942450;11
49.766947;9.945787;11
49.766970;9.941873;9
49.766998;9.942113;8
49.767002;9.941920;9
49.767020;9.941827;6
49.767378;9.960433;15
49.767385;9.960432;15
49.767815;9.944503;10
49.767822;9.944512;12
49.768037;9.939833;3
49.768037;9.939833;7
49.768068;9.940563;13
49.768080;9.940633;14
49.768093;9.940410;8
49.768100;9.940533;8
49.768115;9.940602;17
49.768117;9.953733;13
49.768132;9.939388;7
49.768155;9.940580;14
49.768172;9.940678;8
49.768668;9.938587;0
49.768722;9.944110;6
49.768780;9.934662;8
49.771637;10.074113;0
49.771852;9.942628;8
49.772147;10.075110;0
49.773127;9.938368;8
49.773503;9.962623;10
49.773617;9.739915;0
49.773742;9.918803;4
49.774447;9.936220;5
49.774592;10.080797;0
49.775327;9.939315;11
49.775327;9.939315;11
49.775418;9.939537;4
49.775438;9.939498;4
49.775448;9.939503;6
49.775545;9.941728;6
49.775620;9.936607;5
49.775657;9.959890;10
49.775683;9.941640;9
49.775688;9.942115;10
49.775922;9.940982;11
49.775927;9.940927;12
49.776740;9.940452;7
49.777207;9.939338;5
49.777363;10.087873;0
49.777505;10.087658;0
49.777505;9.943583;6
49.777828;10.089052;0
49.778210;10.090237;0
49.778572;9.938418;7
49.778633;10.095122;0
49.779012;10.092300;0
49.779030;10.094787;0
49.779602;9.969612;4
49.780735;9.966968;4
49.781407;10.090132;0
49.783548;10.110323;0
49.784492;9.925430;8
49.784808;9.924672;7
49.784855;10.086002;0
49.785808;9.924623;6
49.785837;9.924445;6
49.786370;10.082748;0
49.787658;10.078973;0
49.787822;9.932937;3
49.787920;9.924695;13
49.787920;9.924695;8
49.787920;9.924695;7
49.787923;9.924565;4
49.787928;9.924560;7
49.787943;9.924653;6
49.788133;9.924675;6
49.788135;9.924700;4
49.788145;9.924687;5
49.788147;9.924802;3
49.788190;9.924737;6
49.788198;9.924715;4
49.788208;9.924752;4
49.788240;9.924755;5
49.788247;9.924705;5
49.788283;9.924715;14
49.789485;9.924928;14
49.789500;9.924872;4
49.789508;9.924907;10
49.789520;9.924927;5
49.789528;9.925015;7
49.789573;9.924942;6
49.789577;9.924935;6
49.789692;9.924950;6
49.791175;9.924893;3
49.791175;9.924893;14
49.797915;9.926122;3
49.798540;9.926555;9
49.805207;9.890525;5
49.805950;9.891035;5
49.808927;9.884423;3
49.811182;9.879722;4
49.811647;9.888798;4
49.836318;10.033002;0
49.840535;10.026120;0
49.847977;10.007705;0
49.852970;9.999745;0
49.859502;9.994783;0
49.863700;9.993015;0
49.878992;9.843328;4
49.924565;9.813115;3
49.940317;9.856288;5
49.964070;9.763947;15
50.011515;9.059548;5
